feature,importance
sleep_hours,0.23163528161529612
screen_time,0.2230008194777993
work_hours,0.23058028655144291
breaks,0.09590177480994391
physical_activity,0.1296237708003552
caffeine_intake,0.08925806674516262
